<?xml version="1.0" encoding="UTF-8"?>
<!DOCTYPE mapper
    PUBLIC "-//mybatis.org//DTD Mapper 3.0//EN"
    "http://mybatis.org/dtd/mybatis-3-mapper.dtd">

<mapper namespace="com.lmpjt.pilotpjt.dao.UtilDAO">

	<!-- 전체 도서 수 -->
	<select id="getTotalBooks" resultType="int">
		SELECT COUNT(*) FROM bookinfo
	</select>

	<!-- 전체 회원 수 -->
	<select id="getTotalUsers" resultType="int">
		SELECT COUNT(*) FROM userinfo
	</select>

	<!-- 대출 중인 도서 수 -->
	<select id="getBorrowedBooks" resultType="int">
		SELECT COUNT(*) FROM book_borrow
	</select>

	<!-- 연체 도서 수 (대출일로부터 30일 초과) -->
	<select id="getOverdueBooks" resultType="int">
		SELECT COUNT(*)
		FROM book_borrow
		WHERE (SYSDATE - bookBorrowDate) > 30

	</select>

</mapper>
